<?xml version='1.0' encoding='utf-8' standalone='yes' ?>
<map>
    <string name="bnc_push_identifier">bnc_no_value</string>
    <string name="bnc_google_play_install_referrer_extras">bnc_no_value</string>
    <string name="bnc_initial_referrer">bnc_no_value</string>
    <boolean name="bnc_is_full_app_conversion" value="false" />
    <string name="bnc_link_click_id">bnc_no_value</string>
    <string name="bnc_external_intent_extra">bnc_no_value</string>
    <long name="bnc_install_begin_ts" value="1757467829" />
    <string name="bnc_randomized_device_token">1494146726427366200</string>
    <long name="bnc_last_known_update_time" value="1757470544698" />
    <string name="bnc_user_url">https://open.airtelxstream.in/a/key_live_kc5hbJYeDTvc99K81cvQrfbkzrbvQtEW?%24randomized_bundle_token=1494137009760016771</string>
    <string name="bnc_session_params">bnc_no_value</string>
    <long name="bnc_original_install_time" value="1757470544698" />
    <string name="bnc_branch_key">key_live_kc5hbJYeDTvc99K81cvQrfbkzrbvQtEW</string>
    <string name="bnc_identity">p3gdRTde2foFLUmkU0</string>
    <string name="bnc_session_id">1494146959966530084</string>
    <string name="bnc_app_store_source">PlayStore</string>
    <string name="bnc_link_click_identifier">bnc_no_value</string>
    <string name="skip_url_format_key">{&quot;version&quot;:2,&quot;uri_skip_list&quot;:[&quot;^fb\\d+:((?!campaign_ids).)*$&quot;,&quot;^li\\d+:&quot;,&quot;^pdk\\d+:&quot;,&quot;^twitterkit-.*:&quot;,&quot;^com\\.googleusercontent\\.apps\\.\\d+-.*:\\\/oauth&quot;,&quot;^(?i).+:.*[?].*\\b(password|o?auth|o?auth.?token|access|access.?token)\\b&quot;]}</string>
    <string name="bnc_anon_id">1025dd4a-5ecb-44cd-adbc-c6052d61ab36</string>
    <string name="bnc_app_link">bnc_no_value</string>
    <string name="bnc_referringUrlQueryParameters">bnc_no_value</string>
    <string name="bnc_app_version">1.108.2</string>
    <string name="bnc_actions">bnc_no_value</string>
    <string name="bnc_google_search_install_identifier">bnc_no_value</string>
    <string name="bnc_randomized_bundle_token">1494137009760016771</string>
    <long name="bnc_previous_update_time" value="1757470544698" />
    <string name="bnc_install_referrer">bnc_no_value</string>
</map>
