<?xml version='1.0' encoding='utf-8' standalone='yes' ?>
<map>
    <string name="key_device_id">eab86c298425164a</string>
    <int name="RETRY_TAP_COUNT" value="0" />
    <long name="isClick" value="0" />
    <boolean name="is_branch_init_triggered" value="true" />
    <string name="search_session_id_v2">fd8062dd-6a6d-4a87-bdd5-c6d3a14d6ff7-1757470584570</string>
    <int name="key_app_version" value="13030" />
    <boolean name="SHOW_LANG_CAROUSEL" value="false" />
    <boolean name="APP_ICON_UPGRADE" value="false" />
    <string name="freshchat_user_attribute">{&quot;appKey&quot;:&quot;MOBILITY&quot;,&quot;appVersion&quot;:&quot;1.108.2&quot;,&quot;autoRenewal&quot;:&quot;false&quot;,&quot;circle&quot;:&quot;BIHAR&quot;,&quot;deviceType&quot;:&quot;PHONE&quot;,&quot;email&quot;:&quot;NA&quot;,&quot;fmfsi&quot;:&quot;false&quot;,&quot;gender&quot;:&quot;NA&quot;,&quot;ip&quot;:&quot;106.216.121.39&quot;,&quot;location&quot;:&quot;NA&quot;,&quot;name&quot;:&quot;  &quot;,&quot;os&quot;:&quot;ANDROID&quot;,&quot;planExpiry&quot;:&quot;Fri Oct 10 07:01:28 IST 2025&quot;,&quot;planIds&quot;:&quot;6088,1307&quot;,&quot;uid&quot;:&quot;p3gdRTde2foFLUmkU0&quot;}</string>
    <string name="geo_location_response">{&quot;city&quot;:&quot;Begusarai&quot;,&quot;country&quot;:&quot;IN&quot;,&quot;countryCode&quot;:&quot;IN&quot;,&quot;ip&quot;:&quot;106.216.121.39&quot;,&quot;state&quot;:&quot;Bihar&quot;,&quot;stateCode&quot;:&quot;BR&quot;}</string>
    <string name="key_app_session_id">null-1757470561976-228803874</string>
    <long name="isShow" value="0" />
</map>
