<?xml version='1.0' encoding='utf-8' standalone='yes' ?>
<map>
    <long name="fire-count" value="1" />
    <string name="last-used-date">2025-09-10</string>
    <long name="fire-global" value="1757470561403" />
    <set name="fire-installations/18.0.0 fire-rc/22.1.2 android-min-sdk/24 device-brand/Infinix kotlin/2.0.0 device-name/X675-GL fire-abt/21.1.1 fire-core/21.0.0 fire-android/30 fire-core-ktx/21.0.0 fire-fcm/24.1.1 android-installer/com.google.android.packageinstaller fire-perf/21.0.5 fire-analytics/22.4.0 device-model/Infinix-X675 android-platform/ fire-sessions/2.1.2 fire-cls/19.4.4 android-target-sdk/35 fire-transport/19.0.0">
        <string>2025-09-10</string>
    </set>
</map>
