<?xml version='1.0' encoding='utf-8' standalone='yes' ?>
<map>
    <int name="appVersion" value="13030" />
    <string name="user_session">{&quot;session_id&quot;:&quot;c951749a-c201-4bfa-a31a-6615868613b1&quot;,&quot;start_time&quot;:&quot;2025-09-10T02:16:21.329Z&quot;,&quot;last_interaction_time&quot;:1757470623656}</string>
    <long name="last_event_sync_time" value="1757470627596" />
    <long name="inapp_last_sync_time" value="1757470581" />
    <set name="sent_activity_list">
        <string>com.amazon.device.ads.DTBInterstitialActivity</string>
        <string>so.plotline.insights.PlotlineActivity</string>
        <string>com.freshchat.consumer.sdk.activity.InterstitialActivity</string>
        <string>so.plotline.insights.Activities.PlotlineActivity</string>
        <string>tv.airtel.companion.view.CompanionMainActivity</string>
        <string>com.freshchat.consumer.sdk.activity.FAQSearchActivity</string>
        <string>com.moengage.pushbase.activities.PushClickDialogTracker</string>
        <string>com.freshchat.consumer.sdk.activity.FAQCategoriesActivity</string>
        <string>com.android.billingclient.api.ProxyBillingActivityV2</string>
        <string>tv.accedo.wynk.android.airtel.activity.VoucherWebViewActivity</string>
        <string>tv.accedo.wynk.android.airtel.activity.FirebaseKeySelectionActivity</string>
        <string>androidx.test.core.app.InstrumentationActivityInvoker$EmptyActivity</string>
        <string>tv.accedo.wynk.android.airtel.activity.AboutActivity</string>
        <string>tv.airtel.companion.view.ui.plans.WebViewActivity</string>
        <string>com.google.android.gms.ads.OutOfContextTestingActivity</string>
        <string>saschpe.android.customtabs.WebViewActivity</string>
        <string>com.freshchat.consumer.sdk.activity.DeeplinkInterstitialActivity</string>
        <string>com.freshchat.consumer.sdk.activity.ArticleListActivity</string>
        <string>tv.accedo.wynk.android.airtel.activity.AirtelmainActivity</string>
        <string>com.google.android.gms.ads.AdActivity</string>
        <string>com.freshchat.consumer.sdk.activity.FAQDetailsActivity</string>
        <string>com.google.android.tv.ads.controls.FallbackImageActivity</string>
        <string>tv.accedo.wynk.android.airtel.activity.GenericWebViewActivity</string>
        <string>com.freshchat.consumer.sdk.activity.FAQListActivity</string>
        <string>tv.accedo.wynk.android.airtel.activity.base.BaseFragmentActivity</string>
        <string>tv.accedo.airtel.wynk.presentation.view.activity.SplashActivity</string>
        <string>tv.accedo.wynk.android.airtel.activity.AirtelSignInActivity</string>
        <string>com.moe.pushlibrary.activities.MoEActivity</string>
        <string>tv.accedo.wynk.android.airtel.activity.dth.SelfCareWebView</string>
        <string>com.freshchat.consumer.sdk.activity.PictureAttachmentActivity</string>
        <string>com.chuckerteam.chucker.internal.ui.MainActivity</string>
        <string>com.google.android.play.core.common.PlayCoreDialogWrapperActivity</string>
        <string>com.erkutaras.showcaseview.ShowcaseActivity</string>
        <string>com.google.android.gms.ads.NotificationHandlerActivity</string>
        <string>tv.accedo.wynk.android.airtel.activity.AirtelVerifyPin</string>
        <string>tv.accedo.wynk.android.airtel.BasicWebViewActivity</string>
        <string>com.wynk.growth.notification.NotificationClickActivity</string>
        <string>com.chuckerteam.chucker.internal.ui.throwable.ThrowableActivity</string>
        <string>com.freshchat.consumer.sdk.activity.ChannelListActivity</string>
        <string>tv.accedo.wynk.android.airtel.activity.AirtelSignInActivityV2</string>
        <string>tv.accedo.wynk.android.airtel.activity.NewsChannelPreferenceActivity</string>
        <string>com.amazon.aps.ads.activity.ApsInterstitialActivity</string>
        <string>com.facebook.ads.AudienceNetworkActivity</string>
        <string>com.google.android.gms.common.api.GoogleApiActivity</string>
        <string>tv.accedo.wynk.android.airtel.activity.PeopleDetailActivity</string>
        <string>tv.accedo.wynk.android.airtel.activity.PlayerDetailActivity</string>
        <string>com.freshchat.consumer.sdk.activity.ConversationDetailActivity</string>
        <string>tv.accedo.airtel.wynk.presentation.modules.detail.PlaygroundActivity</string>
        <string>tv.accedo.wynk.android.airtel.activity.AirtelDeeplinkActivity</string>
        <string>androidx.test.core.app.InstrumentationActivityInvoker$EmptyFloatingActivity</string>
        <string>com.google.android.gms.auth.api.signin.internal.SignInHubActivity</string>
        <string>so.plotline.insights.FlowViews.FullPageDialog.FlowActivity</string>
        <string>com.moengage.pushbase.internal.activity.PermissionActivity</string>
        <string>tv.accedo.wynk.android.airtel.activity.PostPaymentActivity</string>
        <string>tv.airtel.remote.RemoteTvActivity</string>
        <string>bin.mt.file.content.MTDataFilesWakeUpActivity</string>
        <string>com.wynk.growth.notification.PermissionActivity</string>
        <string>com.moengage.pushbase.activities.PushTracker</string>
        <string>tv.accedo.wynk.android.airtel.activity.DialogActivity</string>
        <string>com.android.billingclient.api.ProxyBillingActivity</string>
        <string>com.freshchat.consumer.sdk.activity.BotFaqDetailsActivity</string>
        <string>tv.accedo.wynk.android.airtel.activity.WebViewPlayerActivity</string>
        <string>com.freshchat.consumer.sdk.activity.ArticleDetailActivity</string>
        <string>com.freshchat.consumer.sdk.activity.CategoryListActivity</string>
        <string>com.airtel.ads.InterstitialActivity</string>
        <string>androidx.test.core.app.InstrumentationActivityInvoker$BootstrapActivity</string>
        <string>com.chuckerteam.chucker.internal.ui.transaction.TransactionActivity</string>
    </set>
    <string name="registration_id">f1MsyayfTCKBdlhECnOlI2:APA91bE36MsxvKu-QXfpeOxd1YGJ3mJM1AnrWwDXz7AuSevRj0aeUv73vxMhsrkzsEKG6XwZPT449LRSAHva1GaEf3Jo5H7EYn6J9cvxWAbwCAMNcnKwiuk</string>
    <long name="last_message_sync" value="1757470621340" />
    <boolean name="pref_installed" value="true" />
    <boolean name="is_device_registered" value="true" />
    <long name="last_config_sync_time" value="1757470621823" />
    <long name="inapp_api_sync_delay" value="900" />
    <boolean name="has_registered_for_verification" value="false" />
    <long name="inapp_html_assets_delete_time" value="1757470562" />
    <long name="in_app_global_delay" value="86400" />
    <string name="APP_UUID">d85b125f-96bf-4f01-8837-6eb1fd43ff4c</string>
    <string name="user_attribute_unique_id">p3gdRTde2foFLUmkU0</string>
</map>
